"Group.1","Area","GDP","Inflation","Life.expect","Military","Pop.growth","Unemployment","z_Area","z_GDP","z_Inflation","z_Life.expect","z_Military","z_Pop.growth","z_Unemployment"
1,168462.666666667,38193.3333333333,2.67333333333333,79.982,1.41,0.297333333333333,7.19333333333333,0.0123241951807082,0.436668630881688,-0.478826252570085,0.583069634410932,-0.244675698237598,0.358969878275982,-0.583191506285817
2,98825.3333333333,19400,3.96666666666667,75.3211111111111,1.78,-0.266666666666667,13.0222222222222,-0.408346883243176,-0.859234229318837,0.446132568184076,-0.878410753045064,0.217043834320055,-0.764613429943028,0.662864145883135
3,318663.5,28400,3.2,80.66,2.75,0.355,19.55,0.919670061456932,-0.238635129896805,-0.102167763706277,0.79566506981325,1.42749774399823,0.473851623147075,2.05832296336171
4,2586,80600,3.4,79.75,0.9,1.14,5.7,-0.989717567648031,3.36083964675098,0.0408671054825107,0.510323113742292,-0.881099918790038,2.03770427731715,-0.902424978743894
5,603550,7200,8,68.74,1.4,-0.63,7.9,2.64063646621213,-1.70049078631315,3.33066909682463,-2.94200099212723,-0.25715460452294,-1.48843482826379,-0.432125666640477
